RegNo,BodyNo,HerdCode,BirthDate,BloodPercent,FatherCode,MotherCode,CancelDate,CompletedDate
3.64009E+14,771,,1398/02/31,100,8.40003E+14,3.64099E+14,1401/09/06,1398/09/05
3.64009E+14,772,,1398/03/12,75,8.4E+14,3.64009E+14,1402/07/12,1399/01/16
3.64009E+14,773,,1398/03/13,100,3.64099E+14,3.64099E+14,1400/09/10,1399/03/17
3.64009E+14,774,,1398/04/05,75,8.4E+14,3.64009E+14,1401/09/28,1399/01/20
3.64009E+14,775,,1398/04/05,75,8.4E+14,3.64009E+14,1402/05/05,1399/01/20
3.64009E+14,776,,1398/05/24,100,8.40003E+14,3.64009E+14,0,1399/01/20
3.64009E+14,777,,1398/07/21,100,8.40003E+14,3.64009E+14,0,1399/01/20
3.64009E+14,778,,1398/07/28,100,8.40003E+14,3.64009E+14,1401/04/10,1399/01/20
3.64009E+14,779,,1398/07/23,100,8.40003E+14,3.64009E+14,1399/08/25,1399/01/20
3.64009E+14,780,,1398/08/15,100,8.40003E+14,3.64009E+14,0,1399/01/20
3.64009E+14,781,,1398/10/07,100,8.4E+14,3.64009E+14,0,1399/01/20
3.64009E+14,782,,1398/10/30,100,8.40003E+14,3.64099E+14,1403/01/30,1399/01/20
3.64009E+14,783,,1398/11/03,100,8.40003E+14,3.64099E+14,0,1399/01/20
3.64009E+14,784,,1398/11/05,100,8.40003E+14,3.64009E+14,1401/05/23,1399/01/20
3.64009E+14,785,,1398/11/06,100,8.4E+14,3.64009E+14,1400/11/25,1399/01/20
3.64009E+14,786,,1398/11/06,100,8.40003E+14,3.64009E+14,0,1399/01/20
3.64009E+14,787,,1398/11/06,100,8.4E+14,3.64009E+14,0,1399/01/20
3.64009E+14,788,,1398/11/19,100,8.4E+14,3.64009E+14,1400/12/21,1399/01/20
3.64009E+14,789,,1398/11/20,100,8.40003E+14,3.64009E+14,0,1399/01/20
3.64009E+14,790,,1398/11/25,100,2.76001E+14,3.64009E+14,0,1399/01/20
3.64009E+14,791,,1398/12/08,100,1.24E+14,3.64009E+14,0,1399/01/20
3.64009E+14,792,,1398/12/13,100,3.64099E+14,3.64009E+14,0,1399/01/20
3.64009E+14,793,,1398/12/14,100,2.76001E+14,3.64009E+14,0,1399/01/20
3.64009E+14,794,,1398/12/27,100,8.40003E+14,3.64099E+14,0,1399/01/20
3.64009E+14,795,,1399/01/07,100,8.40003E+14,3.64009E+14,0,1399/03/17
3.64009E+14,796,,1399/01/07,100,8.40003E+14,3.64009E+14,1401/09/22,1399/03/17
3.64009E+14,797,,1399/01/29,100,8.40003E+14,3.64009E+14,1402/01/16,1399/03/17
3.64009E+14,798,,1399/02/02,100,8.40003E+14,3.64099E+14,1403/01/15,1399/03/17
3.64009E+14,799,,1399/02/05,100,8.40003E+14,3.64099E+14,0,1399/03/17
3.64009E+14,800,,1399/02/14,100,8.40003E+14,3.64099E+14,1401/04/09,1399/03/17
3.64009E+14,801,,1399/02/15,100,1.24E+14,3.64009E+14,1402/07/01,1399/03/17
3.64009E+14,802,,1399/02/15,100,8.40003E+14,3.64099E+14,1402/06/22,1399/03/17
3.64009E+14,803,,1399/02/17,100,8.40003E+14,3.64009E+14,1401/12/20,1399/04/19
3.64009E+14,804,,1399/02/30,100,8.40003E+14,3.64009E+14,1403/06/31,1399/04/19
3.64009E+14,806,,1399/02/30,100,8.40003E+14,3.64009E+14,0,1399/04/19
3.64009E+14,805,,1399/03/05,100,8.40003E+14,3.64099E+14,1401/03/31,1399/04/19
3.64009E+14,807,,1399/03/05,100,8.40003E+14,3.64009E+14,1403/01/05,1399/04/19
3.64009E+14,808,,1399/03/12,100,8.40003E+14,3.64099E+14,1401/06/29,1399/04/19
3.64009E+14,809,,1399/03/19,100,8.40003E+14,3.64009E+14,1401/06/12,1399/04/19
3.64009E+14,810,,1399/03/27,100,8.40003E+14,3.64009E+14,1401/04/09,1399/04/19
3.64009E+14,811,,1399/04/02,100,8.40003E+14,3.64099E+14,1403/06/31,1399/04/19
3.64009E+14,812,,1399/05/08,100,8.40003E+14,3.64009E+14,0,1399/12/03
3.64009E+14,813,,1399/05/09,100,8.40003E+14,3.64009E+14,1400/09/12,1399/12/03
3.64009E+14,814,,1399/05/19,100,8.40003E+14,3.64009E+14,0,1399/12/03
3.64009E+14,815,,1399/05/25,100,8.40003E+14,3.64009E+14,0,1399/12/03
3.64009E+14,816,,1399/06/08,100,8.40003E+14,3.64009E+14,0,1399/12/03
3.64009E+14,817,,1399/07/02,100,8.40003E+14,3.64009E+14,0,1399/12/03
3.64009E+14,818,,1399/08/15,100,8.40003E+14,3.64009E+14,0,1399/12/03
3.64009E+14,819,,1399/09/06,100,8.40003E+14,3.64009E+14,0,1399/12/03
3.64009E+14,820,,1399/09/28,100,8.40003E+14,3.64099E+14,1402/08/18,1399/12/03
3.64009E+14,821,,1399/10/22,100,8.40003E+14,3.64009E+14,1401/09/09,1399/12/14
3.64009E+14,822,,1399/10/29,100,8.40003E+14,3.64009E+14,0,1399/12/14
3.64009E+14,823,,1399/11/05,100,8.40003E+14,3.64009E+14,0,1399/12/14
3.64009E+14,824,,1399/11/20,100,8.40003E+14,3.64009E+14,1401/06/29,1399/12/14
3.64009E+14,825,,1399/11/24,100,8.40003E+14,3.64009E+14,0,1399/12/14
3.64009E+14,826,,1399/11/26,100,8.40003E+14,3.64009E+14,0,1399/12/16
3.64009E+14,827,,1400/01/05,100,8.40003E+14,3.64009E+14,0,1400/01/31
3.64009E+14,828,,1400/01/09,100,8.40003E+14,3.64009E+14,0,1400/01/31
3.64009E+14,829,,1400/01/13,87.5,8.40003E+14,3.64009E+14,1403/08/17,1400/01/31
3.64009E+14,830,,1400/02/18,87.5,8.40003E+14,3.64009E+14,1403/04/20,1400/04/06
3.64009E+14,831,,1400/02/20,100,8.40003E+14,3.64009E+14,0,1400/04/06
3.64009E+14,832,,1400/02/24,100,8.40003E+14,3.64009E+14,0,1400/04/06
3.64009E+14,833,,1400/02/25,100,8.40003E+14,3.64009E+14,1403/08/17,1400/04/06
3.64009E+14,834,,1400/02/29,100,8.40003E+14,3.64009E+14,0,1400/04/06
3.64009E+14,835,,1400/02/30,100,8.40003E+14,3.64009E+14,0,1400/04/06
3.64009E+14,836,,1400/03/11,100,8.40003E+14,3.64099E+14,0,1400/04/06
3.64009E+14,837,,1400/03/11,100,8.40003E+14,3.64009E+14,1403/07/22,1400/04/06
3.64009E+14,838,,1400/03/25,100,8.40003E+14,3.64009E+14,0,1400/04/06
3.64009E+14,839,,1400/03/27,100,8.40003E+14,3.64099E+14,1402/10/12,1400/04/06
3.64009E+14,840,,1400/05/01,100,1.24E+14,3.64009E+14,0,1400/05/04
3.64009E+14,841,,1400/05/15,100,8.40003E+14,3.64099E+14,0,1400/07/21
3.64009E+14,842,,1400/05/24,100,8.40003E+14,3.64009E+14,1403/08/17,1400/07/21
3.64009E+14,843,,1400/05/24,100,8.40003E+14,3.64009E+14,0,1400/07/21
3.64009E+14,844,,1400/06/01,100,8.40003E+14,3.64009E+14,1403/06/31,1400/07/21
3.64009E+14,845,,1400/07/10,100,8.40003E+14,3.64099E+14,0,1400/12/07
3.64009E+14,846,,1400/07/22,100,8.40003E+14,3.64099E+14,1403/01/05,1400/12/07
3.64009E+14,847,,1400/07/30,100,8.40003E+14,3.64009E+14,0,1400/12/07
3.64009E+14,848,,1400/08/06,100,8.40003E+14,3.64009E+14,1403/06/31,1400/12/07
3.64009E+14,849,,1400/08/08,100,8.40003E+14,3.64009E+14,0,1400/12/07
3.64009E+14,850,,1400/09/14,100,8.40003E+14,3.64009E+14,0,1400/12/07
3.64009E+14,851,,1400/09/23,100,8.40003E+14,3.64099E+14,0,1400/12/07
3.64009E+14,852,,1400/09/23,100,8.40003E+14,3.64099E+14,0,1400/12/07
3.64009E+14,853,,1400/09/29,100,8.40003E+14,3.64009E+14,0,1400/12/07
3.64009E+14,854,,1400/10/25,100,8.40003E+14,3.64009E+14,0,1400/12/07
3.64009E+14,855,,1400/10/25,100,8.40003E+14,3.64009E+14,0,1400/12/07
3.64009E+14,856,,1400/11/01,100,8.40003E+14,3.64009E+14,0,1400/12/07
3.64009E+14,857,,1400/11/28,100,8.40003E+14,3.64009E+14,0,1400/12/07
3.64009E+14,858,,1400/12/16,100,8.40003E+14,3.64009E+14,0,1401/04/04
3.64009E+14,859,,1400/12/26,100,8.40003E+14,3.64009E+14,0,1401/04/04
3.64009E+14,860,,1400/12/26,100,8.40003E+14,3.64009E+14,1403/05/31,1401/04/04
3.64009E+14,861,,1400/12/29,100,8.40003E+14,3.64099E+14,0,1401/04/04
3.64009E+14,862,,1400/12/29,100,8.40003E+14,3.64009E+14,0,1401/04/04
3.64009E+14,863,,1401/01/07,100,8.40003E+14,3.64009E+14,0,1401/04/04
3.64009E+14,864,,1401/02/06,100,8.40003E+14,3.64009E+14,0,1401/04/04
3.64009E+14,865,,1401/02/09,100,8.40003E+14,3.64009E+14,0,1401/04/04
3.64009E+14,866,,1401/02/12,100,8.40003E+14,3.64009E+14,0,1401/04/04
3.64009E+14,867,,1401/02/23,100,8.40003E+14,3.64099E+14,0,1401/04/04
3.64009E+14,868,,1401/02/24,100,8.40003E+14,3.64009E+14,0,1401/04/04
3.64009E+14,869,,1401/03/13,100,8.40003E+14,3.64009E+14,0,1401/04/04
3.64009E+14,870,,1401/03/20,100,8.40003E+14,3.64099E+14,0,1401/04/04
3.64009E+14,673,,1396/03/02,100,8.40003E+14,3.64099E+14,1401/06/29,1396/06/05
3.64009E+14,674,,1396/03/03,100,3.64099E+14,3.64099E+14,1402/04/07,1396/06/05
3.64009E+14,675,,1396/03/21,100,3.64099E+14,3.64099E+14,1403/04/20,1396/06/05
3.64009E+14,676,,1396/03/24,100,3.64099E+14,3.64009E+14,1403/01/05,1396/06/05
3.64009E+14,677,,1396/03/26,100,3.64099E+14,3.64009E+14,0,1396/06/05
3.64009E+14,678,,1396/03/26,100,3.64099E+14,3.64009E+14,1400/11/05,1396/06/05
3.64009E+14,679,,1396/03/31,100,8.40003E+14,3.64099E+14,1400/09/28,1396/06/05
3.64009E+14,680,,1396/04/05,100,8.4E+14,3.64099E+14,1402/07/12,1396/06/05
3.64009E+14,681,,1396/04/08,100,8.40003E+14,3.64099E+14,1398/11/28,1396/06/05
3.64009E+14,682,,1396/04/11,100,3.64099E+14,3.64099E+14,1398/11/24,1396/06/05
3.64009E+14,683,,1396/04/18,100,8.4E+14,3.64009E+14,1403/08/16,1396/06/05
3.64009E+14,684,,1396/04/23,100,3.64099E+14,3.64099E+14,1403/01/05,1396/06/05
3.64009E+14,685,,1396/04/24,100,8.4E+14,3.64099E+14,1402/06/22,1396/06/05
3.64009E+14,686,,1396/04/29,100,3.64099E+14,3.64099E+14,1403/01/05,1396/06/05
3.64009E+14,687,,1396/06/09,100,8.4E+14,3.64099E+14,0,1397/06/05
3.64009E+14,689,,1396/06/13,100,8.4E+14,3.64009E+14,1400/12/10,1397/06/05
3.64009E+14,690,,1396/06/24,100,8.4E+14,3.64099E+14,1403/04/20,1397/06/05
3.64009E+14,691,,1396/07/15,100,8.4E+14,3.64099E+14,1400/12/10,1397/06/05
3.64009E+14,692,,1396/07/22,100,8.4E+14,3.64099E+14,1403/01/05,1397/06/05
3.64009E+14,693,,1396/07/23,100,8.40003E+14,3.64099E+14,1400/11/05,1397/06/05
3.64009E+14,694,,1396/08/05,100,3.64099E+14,3.64099E+14,1401/02/26,1397/06/05
3.64009E+14,695,,1396/08/12,100,8.40003E+14,3.64009E+14,1400/11/05,1397/06/05
3.64009E+14,696,,1396/08/23,100,8.40003E+14,3.64099E+14,1400/09/14,1397/06/05
3.64009E+14,697,,1396/08/29,100,8.40003E+14,3.64099E+14,1401/12/20,1397/06/05
3.64009E+14,698,,1396/09/05,100,8.40003E+14,3.64099E+14,1401/06/29,1397/06/05
3.64009E+14,699,,1396/09/06,100,8.4E+14,3.64009E+14,0,1397/06/05
3.64009E+14,700,,1396/09/15,100,8.40003E+14,3.64099E+14,1402/01/16,1397/06/05
3.64009E+14,701,,1396/09/22,100,8.40003E+14,3.64099E+14,1401/02/10,1397/06/05
3.64009E+14,703,,1396/10/13,100,3.64099E+14,3.64099E+14,1402/01/16,1397/06/05
3.64009E+14,704,,1396/10/01,100,8.4E+14,3.64099E+14,0,1397/06/05
3.64009E+14,705,,1396/10/12,100,8.40003E+14,3.64099E+14,1399/09/12,1397/06/05
3.64009E+14,706,,1396/11/02,100,8.40003E+14,3.64099E+14,0,1397/06/05
3.64009E+14,707,,1396/11/05,100,8.40003E+14,3.64052E+14,1401/12/20,1397/06/05
3.64009E+14,708,,1396/11/12,100,8.40003E+14,3.64099E+14,0,1397/06/05
3.64009E+14,709,,1396/11/14,100,8.40003E+14,3.64009E+14,0,1397/06/05
3.64009E+14,710,,1396/11/15,100,8.40003E+14,3.64099E+14,1402/06/05,1397/06/05
3.64009E+14,711,,1396/11/15,100,8.40003E+14,3.64099E+14,1403/04/20,1397/06/05
3.64009E+14,712,,1396/11/17,100,8.40003E+14,3.64099E+14,1400/12/07,1397/06/05
3.64009E+14,713,,1396/11/18,100,8.40003E+14,3.64052E+14,0,1397/06/05
3.64009E+14,714,,1396/11/19,100,8.40003E+14,3.64099E+14,0,1397/06/05
3.64009E+14,715,,1396/11/19,100,8.40003E+14,3.64099E+14,1399/02/03,1397/06/05
3.64009E+14,716,,1396/11/20,100,8.40003E+14,3.64099E+14,1402/12/20,1397/06/05
3.64009E+14,717,,1396/11/20,100,8.40003E+14,3.64099E+14,1402/01/16,1397/06/05
3.64009E+14,718,,1396/11/21,100,8.40003E+14,3.64099E+14,1400/12/07,1397/06/05
3.64009E+14,719,,1396/11/29,100,8.40003E+14,3.64099E+14,1402/04/02,1398/09/05
3.64009E+14,720,,1396/12/05,100,8.40003E+14,3.64099E+14,1399/06/01,1397/06/05
3.64009E+14,721,,1396/12/10,100,8.40003E+14,3.64099E+14,1403/01/20,1397/06/05
3.64009E+14,722,,1396/12/15,100,8.40003E+14,3.64099E+14,1403/04/20,1397/06/05
3.64009E+14,723,,1396/12/28,100,8.40003E+14,3.64099E+14,1401/06/29,1397/09/02
3.64009E+14,724,,1396/12/29,100,8.40003E+14,3.64099E+14,0,1397/09/02
3.64009E+14,725,,1397/02/03,100,8.40003E+14,3.64099E+14,0,1397/09/02
3.64009E+14,726,,1397/02/24,100,8.40003E+14,3.64099E+14,1401/12/20,1397/09/02
3.64009E+14,727,,1397/03/04,100,8.40003E+14,3.64099E+14,0,1397/09/02
3.64009E+14,728,,1397/03/07,100,8.40003E+14,3.64099E+14,1402/07/12,1397/09/02
3.64009E+14,729,,1397/03/08,100,8.40003E+14,3.64099E+14,1399/02/20,1397/09/02
3.64009E+14,730,,1397/03/12,100,8.40003E+14,3.64099E+14,1397/08/20,1397/09/02
3.64009E+14,731,,1397/03/13,100,8.40003E+14,3.64099E+14,0,1397/09/02
3.64009E+14,732,,1397/03/25,100,8.40003E+14,3.64099E+14,1397/08/20,1397/09/02
3.64009E+14,733,,1397/03/29,100,8.40003E+14,3.64099E+14,1399/09/12,1397/09/02
3.64009E+14,734,,1397/04/08,100,8.40003E+14,3.64099E+14,1401/02/10,1397/09/02
3.64009E+14,736,,1397/04/21,100,8.40003E+14,3.64099E+14,1400/12/07,1397/09/02
3.64009E+14,737,,1397/04/23,100,8.40003E+14,3.64099E+14,1402/07/07,1397/09/02
3.64009E+14,738,,1397/04/30,100,8.40003E+14,3.64009E+14,0,1397/09/02
3.64009E+14,739,,1397/05/01,100,3.64099E+14,3.64099E+14,1400/12/10,1397/09/02
3.64009E+14,740,,1397/05/15,100,3.64099E+14,3.64099E+14,0,1397/09/02
3.64009E+14,741,,1397/05/25,100,3.64099E+14,3.64099E+14,0,1397/09/02
3.64009E+14,742,,1397/05/30,100,8.40003E+14,3.64099E+14,1399/06/01,1397/09/02
3.64009E+14,745,,1397/07/10,100,8.40003E+14,3.64099E+14,1399/06/20,1398/08/07
3.64009E+14,746,,1397/07/23,100,8.40003E+14,3.64099E+14,1399/06/13,1398/08/07
3.64009E+14,748,,1397/08/16,100,8.40003E+14,3.64099E+14,1401/04/10,1398/08/07
3.64009E+14,752,,1397/09/15,100,8.40003E+14,3.64099E+14,1401/02/10,1398/08/07
3.64009E+14,753,,1397/08/17,100,3.64099E+14,3.64099E+14,0,1398/08/07
3.64009E+14,754,,1397/09/18,100,3.64099E+14,3.64099E+14,1400/09/10,1398/08/07
3.64009E+14,755,,1397/09/28,100,8.40003E+14,3.64099E+14,0,1398/08/07
3.64009E+14,756,,1397/10/29,100,8.40003E+14,3.64099E+14,1401/04/10,1398/08/07
3.64009E+14,757,,1397/11/13,100,8.40003E+14,3.64099E+14,0,1398/09/05
3.64009E+14,758,,1397/11/18,100,8.40003E+14,3.64099E+14,1401/02/10,1398/09/05
3.64009E+14,759,,1397/11/19,100,8.40003E+14,3.64099E+14,1400/09/10,1398/09/05
3.64009E+14,760,,1397/11/25,100,8.40003E+14,3.64099E+14,1402/07/12,1398/09/05
3.64009E+14,761,,1397/12/20,100,8.40003E+14,3.64099E+14,1401/06/29,1398/09/05
3.64009E+14,762,,1397/12/24,100,8.40003E+14,3.64099E+14,0,1398/09/05
3.64009E+14,763,,1397/12/29,100,8.40003E+14,3.64099E+14,0,1398/09/05
3.64009E+14,764,,1398/01/04,100,8.40003E+14,3.64099E+14,1401/12/20,1398/09/05
3.64009E+14,765,,1398/01/04,100,8.40003E+14,3.64099E+14,0,1398/09/05
3.64009E+14,766,,1398/01/17,100,8.40003E+14,3.64099E+14,1401/06/29,1398/09/05
3.64009E+14,767,,1398/02/01,100,8.40003E+14,3.64099E+14,1401/06/29,1398/09/05
3.64009E+14,768,,1398/02/05,100,8.40003E+14,3.64099E+14,0,1398/09/05
3.64009E+14,769,,1398/02/12,100,8.40003E+14,3.64099E+14,0,1398/09/05
3.64009E+14,770,,1398/02/30,100,8.40003E+14,3.64099E+14,0,1398/09/05
3.64009E+14,460,,1391/04/15,100,8.4E+14,3.64099E+14,1395/03/18,1391/06/10
3.64009E+14,385,,1389/05/26,87.5,8.4E+14,3.64099E+14,1395/02/22,1389/06/02
3.64009E+14,418,,1390/03/24,75,8.4E+14,3.64099E+14,1395/06/22,1390/03/31
3.64009E+14,456,,1391/03/01,100,3.64099E+14,3.64099E+14,1395/03/18,1391/06/10
3.64009E+14,459,,1391/03/24,100,3.64099E+14,3.64099E+14,1397/09/24,1391/06/10
3.64009E+14,442,,1390/10/27,100,8.4E+14,3.64099E+14,1397/09/24,1390/11/01
3.64009E+14,490,,1391/11/24,100,3.64099E+14,3.64099E+14,1397/08/20,1392/01/10
3.64009E+14,402,,1389/11/11,100,8.4E+14,3.64099E+14,1397/10/08,1389/11/18
3.64009E+14,444,,1390/11/07,100,8.4E+14,3.64099E+14,1395/03/18,1391/02/31
3.64009E+14,403,,1389/11/19,100,8.4E+14,3.64099E+14,1397/10/08,1389/11/26
3.64009E+14,391,,1389/08/25,100,8.4E+14,3.64099E+14,1395/07/01,1389/09/02
3.64009E+14,431,,1390/06/26,100,8.4E+14,3.64099E+14,1397/10/08,1390/11/01
3.64009E+14,451,,1390/12/22,100,2.50004E+14,3.64099E+14,1397/10/08,1391/02/31
3.64009E+14,436,,1390/08/04,100,8.4E+14,3.64099E+14,1397/09/24,1390/11/01
3.64009E+14,441,,1390/09/11,100,8.4E+14,3.64099E+14,1397/09/24,1390/11/01
3.64009E+14,408,,1389/12/29,100,8.4E+14,3.64099E+14,1395/10/26,1390/01/07
3.64009E+14,413,,1390/02/18,100,8.4E+14,3.64099E+14,1396/12/01,1390/02/25
3.64009E+14,485,,1391/11/02,100,3.64099E+14,3.64099E+14,1396/11/01,1392/01/10
3.64009E+14,447,,1390/11/25,100,2.50004E+14,3.64099E+14,1395/01/16,1391/02/31
3.64009E+14,388,,1389/06/30,100,8.4E+14,3.64099E+14,1395/08/29,1389/07/06
3.64009E+14,410,,1390/01/14,100,8.4E+14,3.64099E+14,1395/03/05,1390/01/21
3.64009E+14,462,,1391/05/05,100,8.4E+14,3.64099E+14,1397/09/24,1391/06/10
3.64009E+14,461,,1391/04/18,100,8.4E+14,3.64099E+14,1396/08/01,1391/06/10
3.64009E+14,421,,1390/04/21,100,8.4E+14,3.64099E+14,1397/09/24,1390/09/01
3.64009E+14,383,,1389/05/15,100,8.4E+14,3.64099E+14,1396/11/01,1389/05/22
3.64009E+14,397,,1389/09/29,100,8.4E+14,3.64099E+14,1396/07/01,1389/10/06
3.64009E+14,497,,1392/01/27,100,1.24E+14,3.64099E+14,1395/03/24,1392/06/10
3.64009E+14,411,,1390/01/31,100,8.4E+14,3.64099E+14,1395/03/05,1390/02/07
3.64009E+14,463,,1391/05/12,100,3.64099E+14,3.64099E+14,1395/08/29,1391/06/10
3.64009E+14,389,,1389/07/29,100,8.4E+14,3.64099E+14,1395/02/22,1389/08/06
3.64009E+14,437,,1390/08/13,100,8.4E+14,3.64099E+14,1395/06/22,1390/11/01
3.64009E+14,387,,1389/06/02,100,8.4E+14,3.64099E+14,1397/07/01,1389/06/09
3.64051E+14,871,,1401/03/30,100,8.40003E+14,3.64099E+14,0,
3.64051E+14,872,,1401/04/18,100,8.40003E+14,3.64009E+14,0,1401/12/07
3.64051E+14,873,,1401/05/13,100,8.40003E+14,3.64009E+14,0,
3.64051E+14,874,,1401/05/21,100,8.40003E+14,3.64009E+14,0,
3.64051E+14,875,,1401/06/09,100,8.40003E+14,3.64009E+14,0,
3.64051E+14,876,,1401/06/17,100,8.40003E+14,3.64009E+14,0,
3.64051E+14,877,,1401/06/29,100,8.40003E+14,3.64009E+14,0,
3.64051E+14,878,,1401/06/31,100,8.40003E+14,3.64099E+14,0,1401/12/07
3.64051E+14,879,,1401/07/04,100,8.40003E+14,3.64009E+14,0,1401/12/07
3.64051E+14,880,,1401/07/06,100,8.40003E+14,3.64009E+14,0,
3.64051E+14,881,,1401/07/11,100,8.40003E+14,3.64009E+14,0,1401/12/07
3.64051E+14,882,,1401/07/12,100,8.40003E+14,3.64009E+14,0,
3.64051E+14,883,,1401/07/19,100,8.40003E+14,3.64099E+14,0,
3.64051E+14,884,,1401/08/08,100,8.40003E+14,3.64009E+14,0,
3.64051E+14,885,,1401/08/15,100,8.40003E+14,3.64099E+14,0,
3.64051E+14,886,,1401/08/26,100,8.40003E+14,3.64009E+14,0,
3.64051E+14,887,,1401/09/12,100,8.40003E+14,3.64009E+14,0,
3.64051E+14,888,,1401/10/21,87.5,8.40003E+14,3.64009E+14,0,
3.64051E+14,889,,1401/10/23,100,8.40003E+14,3.64009E+14,0,
3.64051E+14,890,,1401/11/03,100,8.40003E+14,3.64009E+14,0,1402/01/12
3.64051E+14,891,,1401/11/11,100,8.40003E+14,3.64009E+14,0,
3.64051E+14,892,,1401/11/30,100,8.40003E+14,3.64009E+14,0,
3.64051E+14,893,,1401/12/10,100,8.40003E+14,3.64009E+14,0,
3.64051E+14,894,,1401/12/19,100,8.40003E+14,3.64009E+14,1402/07/06,
3.64051E+14,895,,1401/12/24,100,8.40003E+14,3.64009E+14,0,
3.64051E+14,896,,1401/12/29,100,8.40003E+14,3.64009E+14,0,
3.64051E+14,897,,1402/01/06,100,8.40003E+14,3.64009E+14,0,1402/01/12
3.64051E+14,898,,1402/01/29,100,8.40003E+14,3.64009E+14,0,
3.64051E+14,899,,1402/02/04,100,8.40003E+14,3.64009E+14,0,
3.64051E+14,900,,1402/02/13,100,8.40003E+14,3.64009E+14,0,
3.64051E+14,901,,1402/02/21,100,8.40003E+14,3.64009E+14,0,
3.64051E+14,902,,1402/02/21,100,8.40003E+14,3.64009E+14,0,
3.64051E+14,903,,1402/02/25,100,8.40003E+14,3.64009E+14,0,
3.64051E+14,904,,1402/02/30,100,8.40003E+14,3.64009E+14,0,
3.64051E+14,905,,1402/03/05,100,8.40003E+14,3.64009E+14,0,
3.64051E+14,906,,1402/03/06,100,8.40003E+14,3.64099E+14,0,
3.64051E+14,907,,1402/03/11,100,8.40003E+14,3.64099E+14,0,
3.64051E+14,908,,1402/03/16,100,8.40003E+14,3.64009E+14,0,
3.64051E+14,909,,1402/03/16,100,8.40003E+14,3.64009E+14,0,
3.64051E+14,910,,1402/03/20,100,8.40003E+14,3.64009E+14,0,
3.64051E+14,911,,1402/03/22,100,8.40003E+14,3.64009E+14,0,
3.64051E+14,912,,1402/03/26,100,8.40003E+14,3.64099E+14,0,
3.64051E+14,913,,1402/04/05,100,8.40003E+14,3.64009E+14,0,
3.64051E+14,914,,1402/04/09,100,8.40003E+14,3.64009E+14,0,
3.64051E+14,915,,1402/04/20,100,8.40003E+14,3.64009E+14,0,
3.64051E+14,916,,1402/04/21,100,8.40003E+14,3.64009E+14,0,
3.64051E+14,917,,1402/05/02,100,8.40003E+14,3.64009E+14,0,
3.64051E+14,918,,1402/06/11,100,8.40003E+14,3.64009E+14,0,
3.64051E+14,919,,1402/06/20,100,8.40003E+14,3.64009E+14,0,
3.64051E+14,920,,1402/07/19,100,8.40003E+14,3.64009E+14,0,
3.64051E+14,921,,1402/07/22,100,8.40003E+14,3.64009E+14,0,
3.64051E+14,922,,1402/07/25,100,8.40003E+14,3.64009E+14,0,
3.64051E+14,923,,1402/08/03,100,8.40003E+14,3.64009E+14,0,
3.64051E+14,924,,1402/08/04,100,8.40003E+14,3.64009E+14,0,
3.64051E+14,925,,1402/08/16,100,8.40003E+14,3.64009E+14,0,
3.64051E+14,926,,1402/08/24,100,8.40003E+14,3.64009E+14,0,
3.64051E+14,927,,1402/08/29,100,8.40003E+14,3.64009E+14,0,
3.64051E+14,928,,1402/09/08,100,8.40003E+14,3.64009E+14,0,
3.64051E+14,929,,1402/09/11,100,8.40003E+14,3.64009E+14,0,
3.64051E+14,930,,1402/09/14,100,8.40003E+14,3.64009E+14,0,
3.64051E+14,931,,1402/10/05,100,8.40003E+14,3.64009E+14,0,
3.64099E+14,5443,,1366/06/09,75,3.64099E+14,3.64099E+14,1377/01/01,1366/06/16
3.64099E+14,5116,,1366/06/12,75,3.64099E+14,3.64099E+14,1377/01/01,1366/06/19
3.64099E+14,3750,,1367/01/20,100,3.64099E+14,3.64099E+14,1377/01/01,1367/01/27
3.64099E+14,6967,,1367/07/22,81.25,3.64099E+14,3.64099E+14,1377/01/01,1367/07/29
3.64099E+14,1522,,1367/09/30,87.5,3.64099E+14,3.64099E+14,1377/01/01,1367/10/07
3.64099E+14,1584,,1367/10/08,50,5.28001E+14,0,1377/01/01,1367/10/15
3.64099E+14,1582,,1367/10/26,75,3.64099E+14,3.64099E+14,1377/01/01,1367/11/03
3.64099E+14,5206,,1367/12/15,87.5,3.64099E+14,3.64099E+14,1377/01/01,1367/12/22
3.64099E+14,6,,1368/11/20,50,0,0,1381/10/05,1368/11/27
3.64099E+14,601,,1369/02/31,87.5,3.64099E+14,3.64099E+14,1382/01/01,1369/03/07
3.64099E+14,602,,1369/06/08,78.125,3.64099E+14,3.64099E+14,1382/01/01,1369/06/15
3.64099E+14,603,,1369/07/26,87.5,5.28001E+14,3.64099E+14,1379/06/06,1369/08/03
3.64099E+14,604,,1369/09/11,87.5,5.28E+14,3.64099E+14,1379/06/06,1369/09/18
3.64099E+14,10,,1369/10/17,100,3.64099E+14,3.64099E+14,1380/02/04,1369/10/24
3.64099E+14,2323,,1369/11/10,50,0,0,1379/06/06,1369/11/17
3.64099E+14,0,,1370/04/10,87.5,1.24E+14,3.64099E+14,1382/01/01,1370/04/17
3.64099E+14,609,,1370/08/06,87.5,1.24E+14,3.64099E+14,1382/01/01,1370/08/13
3.64099E+14,610,,1370/08/17,50,1.24E+14,0,1382/01/01,1370/08/24
3.64099E+14,614,,1371/03/17,87.5,1.24E+14,3.64099E+14,1379/06/06,1371/03/24
3.64099E+14,2,,1371/05/28,89.0625,8.4E+14,3.64099E+14,1381/10/05,1371/06/04
3.64099E+14,13,,1371/09/20,75,1.24E+14,3.64099E+14,1382/01/01,1371/09/27
3.64099E+14,0,,1371/10/26,87.5,8.4E+14,3.64099E+14,1377/10/20,1371/11/03
3.64099E+14,815,,1375/11/14,75,3.64099E+14,3.64099E+14,1389/01/01,1375/11/21
3.64099E+14,818,,1375/11/26,100,3.64099E+14,3.64099E+14,1389/01/01,1375/12/03
3.64099E+14,819,,1375/11/29,50,0,0,1386/01/20,1375/12/06
3.64099E+14,823,,1375/12/07,50,0,0,1380/08/01,1375/12/14
3.64099E+14,837,,1375/12/20,50,0,0,1389/01/01,1375/12/27
3.64099E+14,24,,1372/02/10,50,3.64099E+14,0,1380/02/04,1372/02/17
3.64099E+14,19,,1372/03/04,50,3.64099E+14,0,1381/06/30,1372/03/11
3.64099E+14,15,,1372/03/10,50,0,0,1378/03/15,1372/03/17
3.64099E+14,23,,1372/04/19,50,8.4E+14,0,1380/02/04,1372/04/26
3.64099E+14,30,,1372/11/20,50,0,0,1380/02/04,1372/11/27
3.64099E+14,35,,1372/12/25,50,0,0,1382/04/08,1373/01/03
3.64099E+14,40,,1373/01/02,50,0,0,1380/02/04,1373/01/09
3.64099E+14,42,,1373/01/20,50,0,0,1380/02/04,1373/01/27
3.64099E+14,44,,1373/02/11,87.5,5.28001E+14,3.64099E+14,1382/02/05,1373/02/18
3.64099E+14,39,,1373/02/14,75,3.64099E+14,3.64099E+14,1380/02/04,1373/02/21
3.64099E+14,44,,1373/02/27,75,5.28001E+14,3.64099E+14,1381/06/06,1373/03/03
3.64099E+14,36,,1373/05/20,50,0,0,1382/01/01,1373/05/27
3.64099E+14,41,,1373/05/20,100,1.24E+14,3.64099E+14,1378/04/01,1373/05/27
3.64099E+14,401,,1373/06/26,100,8.4E+14,3.64099E+14,1382/10/05,1373/07/02
3.64099E+14,66,,1373/07/04,100,3.64099E+14,3.64099E+14,1381/10/05,1373/07/11
3.64099E+14,47,,1373/12/07,75,8.4E+14,3.64099E+14,1382/01/01,1373/12/14
3.64099E+14,49,,1373/12/25,100,8.4E+14,3.64099E+14,1380/02/04,1374/01/03
3.64099E+14,46,,1374/01/09,75,8.4E+14,3.64099E+14,1382/01/01,1374/01/16
3.64099E+14,50,,1374/01/15,100,8.4E+14,3.64099E+14,1382/03/05,1374/01/22
3.64099E+14,48,,1374/01/18,87.5,8.4E+14,3.64099E+14,1385/04/01,1374/01/25
3.64099E+14,55,,1374/03/27,87.5,1.24E+14,3.64099E+14,1377/10/15,1374/04/03
3.64099E+14,63,,1374/04/02,100,8.4E+14,3.64099E+14,1381/10/05,1374/06/30
3.64099E+14,53,,1374/05/10,75,8.4E+14,3.64099E+14,1384/11/10,1374/05/17
3.64099E+14,52,,1374/05/15,100,8.4E+14,3.64099E+14,1383/08/05,1374/05/22
3.64099E+14,56,,1374/07/15,100,8.4E+14,3.64099E+14,1382/01/15,1374/10/15
3.64099E+14,56,,1375/01/01,75,1.24E+14,3.64099E+14,1381/04/10,1375/01/08
3.64099E+14,64,,1375/03/01,75,8.4E+14,3.64099E+14,1384/05/05,1375/03/08
3.64099E+14,62,,1375/03/10,100,8.4E+14,3.64099E+14,1382/01/01,1375/06/07
3.64099E+14,80,,1375/03/10,100,3.64099E+14,3.64099E+14,1382/04/05,1375/03/17
3.64099E+14,61,,1375/03/15,87.5,3.64099E+14,3.64099E+14,1382/01/01,1375/03/22
3.64099E+14,65,,1375/03/24,75,3.64099E+14,3.64099E+14,1382/03/08,1375/03/31
3.64099E+14,70,,1375/04/05,75,3.64099E+14,3.64099E+14,1382/01/01,1375/04/12
3.64099E+14,93,,1375/04/05,87.5,8.4E+14,3.64099E+14,1382/01/01,1375/04/12
3.64099E+14,60,,1375/04/10,87.5,8.4E+14,3.64099E+14,1382/01/01,1375/04/17
3.64099E+14,59,,1375/04/15,100,3.64099E+14,3.64099E+14,1383/08/20,1375/07/12
3.64099E+14,58,,1375/04/16,75,8.4E+14,3.64099E+14,1385/04/01,1375/04/23
3.64099E+14,57,,1375/04/21,100,8.4E+14,3.64099E+14,1382/01/01,1375/04/28
3.64099E+14,75,,1375/05/21,75,3.64099E+14,3.64099E+14,1382/04/05,1375/05/28
3.64099E+14,68,,1375/06/14,75,3.64099E+14,3.64099E+14,1383/07/15,1375/09/13
3.64099E+14,60,,1375/07/21,100,3.64099E+14,3.64099E+14,1381/05/05,1375/07/28
3.64099E+14,89,,1375/11/13,81.25,3.64099E+14,3.64099E+14,1382/01/01,1375/11/20
3.64099E+14,69,,1375/11/24,100,3.64099E+14,3.64099E+14,1386/03/05,1375/12/01
3.64099E+14,0,,1375/12/15,75,3.64099E+14,3.64099E+14,1382/01/01,1375/12/22
3.64099E+14,0,,1376/01/20,87.5,3.64099E+14,3.64099E+14,1381/10/05,1376/01/27
3.64099E+14,0,,1376/01/24,100,3.64099E+14,3.64099E+14,1382/01/01,1376/01/31
3.64099E+14,79,,1376/02/22,75,3.64099E+14,3.64099E+14,1380/06/08,1376/02/29
3.64099E+14,73,,1376/02/29,100,3.64099E+14,3.64099E+14,1384/02/30,1376/03/05
3.64099E+14,67,,1376/04/13,75,3.64099E+14,3.64099E+14,1381/10/05,1376/04/20
3.64099E+14,74,,1376/04/20,90.625,3.64099E+14,3.64099E+14,1384/05/06,1376/04/27
3.64099E+14,72,,1376/06/06,100,3.64099E+14,3.64099E+14,1382/04/05,1376/09/05
3.64099E+14,94,,1376/07/08,87.5,3.64099E+14,3.64099E+14,1381/10/05,1376/07/15
3.64099E+14,82,,1376/07/08,87.5,3.64099E+14,3.64099E+14,1386/03/05,1376/07/15
3.64099E+14,83,,1376/08/09,75,3.64099E+14,3.64099E+14,1383/09/15,1376/08/16
3.64099E+14,78,,1376/08/11,100,3.64099E+14,3.64099E+14,1382/04/05,1376/08/18
3.64099E+14,86,,1376/08/11,50,0,3.64099E+14,1384/02/30,1376/11/11
3.64099E+14,85,,1376/08/18,50,0,3.64099E+14,1386/03/05,1376/11/18
3.64099E+14,87,,1376/09/15,50,0,3.64099E+14,1385/04/01,1376/09/22
3.64099E+14,90,,1376/10/03,50,0,3.64099E+14,1384/02/15,1376/10/10
3.64099E+14,0,,1377/01/12,75,3.64099E+14,3.64099E+14,1383/12/05,1377/01/19
3.64099E+14,0,,1377/01/18,75,3.64099E+14,3.64099E+14,1382/01/01,1377/01/25
3.64099E+14,0,,1377/01/30,100,3.64099E+14,3.64099E+14,1383/08/15,1377/02/06
3.64099E+14,77,,1377/02/17,75,3.64099E+14,3.64099E+14,1385/04/01,1377/02/24
3.64099E+14,91,,1377/02/19,100,3.64099E+14,3.64099E+14,1386/03/05,1377/05/16
3.64099E+14,0,,1377/03/09,100,3.64099E+14,3.64099E+14,1386/03/05,1377/03/16
3.64099E+14,101,,1377/07/21,100,3.64099E+14,3.64099E+14,1382/01/01,1377/07/28
3.64099E+14,103,,1377/07/25,87.5,3.64099E+14,3.64099E+14,1382/01/01,1377/08/02
3.64099E+14,95,,1377/08/11,87.5,3.64099E+14,3.64099E+14,1386/03/05,1377/08/18
3.64099E+14,100,,1377/09/05,87.5,3.64099E+14,3.64099E+14,1384/02/30,1377/09/12
3.64099E+14,99,,1377/09/06,100,3.64099E+14,3.64099E+14,1385/05/24,1377/12/06
3.64099E+14,104,,1377/11/06,100,3.64099E+14,3.64099E+14,1386/03/05,1377/11/13
3.64099E+14,98,,1377/11/13,87.5,3.64099E+14,3.64099E+14,1381/10/05,1378/02/13
3.64099E+14,102,,1377/12/29,87.5,3.64099E+14,3.64099E+14,1382/01/01,1378/01/07
3.64099E+14,96,,1378/01/16,87.5,3.64099E+14,3.64099E+14,1382/01/01,1378/01/23
3.64099E+14,105,,1378/01/18,75,3.64099E+14,3.64099E+14,1382/01/01,1378/01/25
3.64099E+14,106,,1378/03/16,50,0,0,1386/03/05,1378/03/23
3.64099E+14,107,,1378/04/11,100,3.64099E+14,3.64099E+14,1384/11/01,1378/04/18
3.64099E+14,108,,1378/04/17,100,3.64099E+14,3.64099E+14,1385/04/17,1378/04/24
3.64099E+14,111,,1378/04/19,87.5,3.64099E+14,3.64099E+14,1382/01/01,1378/04/26
3.64099E+14,110,,1378/04/29,100,3.64099E+14,3.64099E+14,1384/05/06,1378/05/05
3.64099E+14,109,,1378/06/01,87.5,3.64099E+14,3.64099E+14,1386/03/05,1378/06/08
3.64099E+14,112,,1378/07/14,87.5,3.64099E+14,3.64099E+14,1384/05/15,1378/07/21
3.64099E+14,113,,1378/08/14,100,3.64099E+14,3.64099E+14,1386/03/05,1378/08/21
3.64099E+14,114,,1378/08/23,87.5,3.64099E+14,3.64099E+14,1386/03/05,1378/08/30
3.64099E+14,115,,1378/09/10,87.5,3.64099E+14,3.64099E+14,1385/04/01,1378/09/17
3.64099E+14,116,,1378/09/26,100,3.64099E+14,3.64099E+14,1382/01/01,1378/10/03
3.64099E+14,118,,1378/11/14,75,3.64099E+14,3.64099E+14,1382/01/01,1378/11/21
3.64099E+14,121,,1379/02/07,50,3.64099E+14,0,1386/03/05,1379/02/14
3.64099E+14,119,,1379/02/14,50,3.64099E+14,0,1384/11/01,1379/02/21
3.64099E+14,122,,1379/02/25,87.5,3.64099E+14,3.64099E+14,1386/03/05,1379/03/01
3.64099E+14,131,,1379/03/12,75,3.64099E+14,3.64099E+14,1386/03/05,1379/03/19
3.64099E+14,120,,1379/05/16,100,3.64099E+14,3.64099E+14,1386/03/05,1379/05/23
3.64099E+14,0,,1379/06/07,75,3.64099E+14,3.64099E+14,1382/01/01,1379/06/14
3.64099E+14,125,,1379/06/20,100,3.64099E+14,3.64099E+14,1386/03/05,1379/06/27
3.64099E+14,127,,1379/07/12,100,3.64099E+14,3.64099E+14,1384/11/10,1379/07/19
3.64099E+14,130,,1379/07/26,100,3.64099E+14,3.64099E+14,1386/03/05,1379/08/03
3.64099E+14,0,,1379/08/16,100,3.64099E+14,3.64099E+14,1382/01/01,1379/08/23
3.64099E+14,0,,1379/08/28,87.5,3.64099E+14,3.64099E+14,1382/01/01,1379/09/05
3.64099E+14,132,,1379/09/08,87.5,3.64099E+14,3.64099E+14,1386/03/05,1379/09/15
3.64099E+14,0,,1379/09/16,100,3.64099E+14,3.64099E+14,1382/01/01,1379/09/23
3.64099E+14,0,,1379/10/13,81.25,3.64099E+14,3.64099E+14,1382/01/01,1379/10/20
3.64099E+14,0,,1379/11/04,75,3.64099E+14,3.64099E+14,1382/01/01,1379/11/11
3.64099E+14,0,,1379/11/06,84.375,3.64099E+14,3.64099E+14,1382/01/01,1379/11/13
3.64099E+14,129,,1379/11/08,100,3.64099E+14,3.64099E+14,1386/03/05,1379/11/15
3.64099E+14,134,,1379/11/09,100,3.64099E+14,3.64099E+14,1386/03/05,1379/11/16
3.64099E+14,0,,1379/11/17,87.5,3.64099E+14,3.64099E+14,1383/08/20,1379/11/24
3.64099E+14,138,,1379/11/28,100,3.64099E+14,3.64099E+14,1386/01/20,1379/12/05
3.64099E+14,0,,1379/04/06,87.5,3.64099E+14,3.64099E+14,1382/01/01,1379/04/13
3.64099E+14,140,,1380/01/01,100,3.64099E+14,3.64099E+14,1382/01/01,1381/02/25
3.64099E+14,136,,1380/01/02,100,3.64099E+14,3.64099E+14,1386/03/05,1381/02/25
3.64099E+14,143,,1380/02/20,75,3.64099E+14,3.64099E+14,1385/04/24,1381/02/25
3.64099E+14,142,,1380/02/22,100,3.64099E+14,3.64099E+14,1384/08/05,1381/02/25
3.64099E+14,144,,1380/02/24,100,3.64099E+14,3.64099E+14,1386/03/05,1380/02/25
3.64099E+14,145,,1380/03/12,87.5,3.64099E+14,3.64099E+14,1386/01/20,1381/02/25
3.64099E+14,0,,1380/04/04,75,3.64099E+14,3.64099E+14,1382/01/01,1381/02/25
3.64099E+14,147,,1380/05/25,75,3.64099E+14,3.64099E+14,1384/01/06,1381/02/25
3.64099E+14,148,,1380/06/15,75,3.64099E+14,3.64099E+14,1386/03/05,1381/02/25
3.64099E+14,0,,1380/06/20,100,3.64099E+14,3.64099E+14,1384/01/01,1380/06/27
3.64099E+14,150,,1380/06/23,100,3.64099E+14,3.64099E+14,1386/03/05,1381/02/25
3.64099E+14,151,,1380/07/18,87.5,3.64099E+14,3.64099E+14,1384/10/15,1381/02/25
3.64099E+14,152,,1380/08/05,100,3.64099E+14,3.64099E+14,1386/03/05,1380/08/12
3.64099E+14,153,,1380/09/15,87.5,3.64099E+14,3.64099E+14,1386/03/05,1381/02/25
3.64099E+14,154,,1380/09/21,100,3.64099E+14,3.64099E+14,1386/01/20,1381/02/25
3.64099E+14,155,,1380/10/08,50,3.64099E+14,0,1386/03/05,1381/02/25
3.64099E+14,0,,1380/10/30,100,3.64099E+14,3.64099E+14,1383/07/15,1381/02/25
3.64099E+14,158,,1380/11/27,100,3.64099E+14,3.64099E+14,1382/01/01,1381/02/25
3.64099E+14,158,,1380/12/09,100,3.64099E+14,3.64099E+14,1386/03/05,1381/02/25
3.64099E+14,159,,1381/01/18,100,3.64099E+14,3.64099E+14,1384/03/30,1381/01/25
3.64099E+14,160,,1381/01/19,100,3.64099E+14,3.64099E+14,1386/03/05,1381/01/26
3.64099E+14,161,,1381/01/21,75,3.64099E+14,3.64099E+14,1382/01/01,1381/01/28
3.64099E+14,162,,1381/01/21,100,3.64099E+14,3.64099E+14,1386/03/05,1381/01/28
3.64099E+14,163,,1381/01/23,100,3.64099E+14,3.64099E+14,1386/03/05,1381/01/30
3.64099E+14,164,,1381/01/24,100,3.64099E+14,3.64099E+14,1385/04/17,1381/01/31
3.64099E+14,165,,1381/01/28,50,0,0,1386/03/05,1381/02/04
3.64099E+14,166,,1381/02/19,87.5,3.64099E+14,3.64099E+14,1386/03/05,1381/02/26
3.64099E+14,167,,1381/05/07,100,3.64099E+14,3.64099E+14,1386/03/05,1381/05/14
3.64099E+14,168,,1381/07/12,100,3.64099E+14,3.64099E+14,1386/03/05,1381/07/19
3.64099E+14,159,,1381/01/18,100,3.64099E+14,3.64099E+14,1382/01/01,1381/01/25
3.64099E+14,184,,1382/05/03,100,3.64099E+14,3.64099E+14,1386/03/05,1382/05/10
3.64099E+14,185,,1382/05/04,100,3.64099E+14,3.64099E+14,1386/03/05,1382/05/11
3.64099E+14,186,,1382/05/22,50,3.64099E+14,0,1386/03/05,1382/05/29
3.64099E+14,187,,1382/06/03,100,3.64099E+14,3.64099E+14,1386/03/05,1382/06/10
3.64099E+14,188,,1382/08/27,87.5,3.64099E+14,3.64099E+14,1386/03/05,1382/09/04
3.64099E+14,189,,1382/09/01,87.5,3.64099E+14,3.64099E+14,1386/03/05,1382/09/08
3.64099E+14,190,,1382/09/10,100,3.64099E+14,3.64099E+14,1386/03/05,1382/09/17
3.64099E+14,191,,1382/09/12,100,3.64099E+14,3.64099E+14,1386/03/05,1382/09/19
3.64099E+14,169,,1381/07/29,100,3.64099E+14,3.64099E+14,1386/03/05,1381/08/06
3.64099E+14,170,,1381/09/28,75,3.64099E+14,3.64099E+14,1386/03/05,1381/10/05
3.64099E+14,171,,1381/10/14,87.5,3.64099E+14,3.64099E+14,1382/01/01,1381/10/21
3.64099E+14,172,,1381/10/28,100,3.64099E+14,3.64099E+14,1386/03/05,1381/11/05
3.64099E+14,173,,1381/10/03,87.5,3.64099E+14,3.64099E+14,1386/03/05,1381/10/10
3.64099E+14,174,,1381/11/07,100,3.64099E+14,3.64099E+14,1386/03/05,1381/11/14
3.64099E+14,175,,1381/11/18,100,3.64099E+14,3.64099E+14,1386/03/05,1381/11/25
3.64099E+14,176,,1381/11/28,100,3.64099E+14,3.64099E+14,1386/03/05,1381/12/05
3.64099E+14,177,,1382/03/18,100,3.64099E+14,3.64099E+14,1386/03/05,1382/03/25
3.64099E+14,178,,1381/12/15,100,3.64099E+14,3.64099E+14,1386/03/05,1381/12/22
3.64099E+14,179,,1382/01/31,87.5,3.64099E+14,3.64099E+14,1386/03/05,1382/02/07
3.64099E+14,180,,1382/03/30,50,0,0,1386/03/05,1382/04/06
3.64099E+14,181,,1382/02/19,100,3.64099E+14,3.64099E+14,1386/03/05,1382/02/26
3.64099E+14,182,,1382/03/01,81.25,3.64099E+14,3.64099E+14,1386/03/05,1382/03/08
3.64099E+14,183,,1382/03/26,100,3.64099E+14,3.64099E+14,1386/03/05,1382/04/02
3.64099E+14,8220,,1382/10/05,100,3.64099E+14,3.64099E+14,1388/01/01,1382/10/12
3.64099E+14,192,,1382/10/05,100,3.64099E+14,3.64099E+14,1386/03/05,1382/10/12
3.64099E+14,193,,1382/10/21,87.5,3.64099E+14,3.64099E+14,1386/03/05,1382/10/28
3.64099E+14,194,,1382/11/28,100,3.64099E+14,3.64099E+14,1386/03/05,1382/12/05
3.64099E+14,195,,1382/12/03,87.5,3.64099E+14,3.64099E+14,1386/03/05,1382/12/10
3.64099E+14,196,,1382/12/09,100,3.64099E+14,3.64099E+14,1386/03/05,1382/12/16
3.64099E+14,197,,1382/12/16,100,3.64099E+14,3.64099E+14,1386/03/05,1382/12/23
3.64099E+14,198,,1382/12/20,75,3.64099E+14,3.64099E+14,1386/03/05,1382/12/27
3.64099E+14,199,,1382/12/21,100,3.64099E+14,3.64099E+14,1386/03/05,1382/12/28
3.64099E+14,200,,1382/12/24,75,3.64099E+14,3.64099E+14,1386/03/05,1383/01/02
3.64099E+14,201,,1382/12/29,75,3.64099E+14,3.64099E+14,1386/03/05,1383/01/07
3.64099E+14,202,,1383/01/14,82.8125,3.64099E+14,3.64099E+14,1386/03/05,1383/01/21
3.64099E+14,203,,1383/01/27,100,3.64099E+14,3.64099E+14,1386/03/05,1383/02/03
3.64099E+14,204,,1383/01/27,100,3.64099E+14,3.64099E+14,1386/03/05,1383/02/03
3.64099E+14,205,,1383/01/28,75,3.64099E+14,3.64099E+14,1386/03/05,1383/02/04
3.64099E+14,206,,1383/02/10,100,3.64099E+14,3.64099E+14,1386/03/05,1383/02/17
3.64099E+14,208,,1383/02/24,87.5,3.64099E+14,3.64099E+14,1386/03/05,1383/02/31
3.64099E+14,209,,1383/02/29,100,3.64099E+14,3.64099E+14,1386/03/05,1383/03/05
3.64099E+14,210,,1383/03/07,100,3.64099E+14,3.64099E+14,1386/03/05,1383/03/14
3.64099E+14,211,,1383/03/12,100,3.64099E+14,3.64099E+14,1386/03/05,1383/03/19
3.64099E+14,212,,1383/03/22,100,3.64099E+14,3.64099E+14,1386/03/05,1383/03/29
3.64099E+14,213,,1383/04/22,100,3.64099E+14,3.64099E+14,1386/03/05,1383/04/29
3.64099E+14,124,,1379/05/24,87.5,3.64099E+14,3.64099E+14,1385/04/01,1379/05/31
3.64099E+14,214,,1383/06/08,75,3.64099E+14,3.64099E+14,1391/04/31,1383/06/15
3.64099E+14,215,,1383/06/20,100,3.64099E+14,3.64099E+14,1386/03/05,1383/06/27
3.64099E+14,216,,1383/08/18,100,3.64099E+14,3.64099E+14,1386/03/05,1383/08/25
3.64099E+14,217,,1383/08/22,100,3.64099E+14,3.64099E+14,1386/03/05,1383/08/29
3.64099E+14,218,,1383/09/03,81.25,3.64099E+14,3.64099E+14,1386/03/05,1383/09/10
3.64099E+14,219,,1383/09/11,100,3.64099E+14,3.64099E+14,1386/03/05,1383/09/18
3.64099E+14,220,,1383/09/17,100,3.64099E+14,3.64099E+14,1389/11/03,1383/09/24
3.64099E+14,221,,1383/10/13,100,3.64099E+14,3.64099E+14,1386/03/05,1383/10/20
3.64099E+14,222,,1383/10/06,100,3.64099E+14,3.64099E+14,1386/03/05,1383/10/13
3.64099E+14,223,,1383/10/29,100,3.64099E+14,3.64099E+14,1386/03/05,1383/11/06
3.64099E+14,224,,1383/11/07,100,3.64099E+14,3.64099E+14,1386/03/05,1383/11/14
3.64099E+14,225,,1383/11/08,100,3.64099E+14,3.64099E+14,1389/11/03,1383/11/15
3.64099E+14,227,,1383/12/01,100,3.64099E+14,3.64099E+14,1388/06/30,1383/12/08
3.64099E+14,228,,1383/12/15,100,3.64099E+14,3.64099E+14,1387/12/01,1383/12/22
3.64099E+14,229,,1383/12/25,68.75,3.64099E+14,3.64099E+14,1384/01/30,1384/01/02
3.64099E+14,230,,1383/12/26,84.375,3.64099E+14,3.64099E+14,1390/01/26,1384/01/03
3.64099E+14,231,,1384/01/11,100,8.4E+14,3.64099E+14,1386/03/05,1384/01/18
3.64099E+14,232,,1384/01/14,75,8.4E+14,3.64099E+14,1390/07/25,1384/01/21
3.64099E+14,233,,1384/01/19,100,8.4E+14,3.64099E+14,1392/12/28,1384/01/26
3.64099E+14,234,,1384/01/27,100,8.4E+14,3.64099E+14,1386/03/05,1384/02/03
3.64099E+14,235,,1384/01/28,100,8.4E+14,3.64099E+14,1386/03/05,1384/02/04
3.64099E+14,236,,1384/01/29,100,8.4E+14,3.64099E+14,1386/03/05,1384/02/05
3.64099E+14,237,,1384/02/23,100,8.4E+14,3.64099E+14,1388/06/30,1384/02/30
3.64099E+14,238,,1384/02/24,100,3.64099E+14,3.64099E+14,1391/10/01,1384/02/31
3.64099E+14,239,,1384/03/03,75,8.4E+14,3.64099E+14,1392/04/22,1384/03/10
3.64099E+14,240,,1384/03/04,87.5,8.4E+14,3.64099E+14,1388/05/10,1384/03/11
3.64099E+14,241,,1384/03/11,100,8.4E+14,3.64099E+14,1391/10/16,1384/03/18
3.64099E+14,242,,1384/03/22,100,3.64099E+14,3.64099E+14,1390/06/31,1384/03/29
3.64099E+14,243,,1384/04/05,100,8.4E+14,3.64099E+14,1390/12/01,1384/04/12
3.64099E+14,244,,1384/04/10,90.625,8.4E+14,3.64099E+14,1393/11/27,1384/04/17
3.64099E+14,245,,1384/04/25,100,8.4E+14,3.64099E+14,1394/05/01,1384/05/01
3.64099E+14,246,,1383/05/04,100,8.4E+14,3.64099E+14,1391/04/31,1383/05/11
3.64099E+14,247,,1384/05/09,75,8.4E+14,3.64099E+14,1388/12/01,1384/05/16
3.64099E+14,248,,1384/05/14,100,8.4E+14,3.64099E+14,1390/03/15,1384/05/21
3.64099E+14,249,,1384/06/22,100,3.64099E+14,3.64099E+14,1386/11/01,1384/06/29
3.64099E+14,250,,1384/07/07,100,8.4E+14,3.64099E+14,1385/04/01,1384/07/14
3.64099E+14,251,,1384/07/24,100,3.64099E+14,3.64099E+14,1389/08/24,1384/08/01
3.64099E+14,252,,1384/08/19,100,3.64099E+14,3.64099E+14,1390/12/01,1384/08/26
3.64099E+14,253,,1384/10/05,100,8.4E+14,3.64099E+14,1387/11/01,1384/10/12
3.64099E+14,254,,1384/10/12,100,3.64099E+14,3.64099E+14,1393/06/24,1384/10/19
3.64099E+14,255,,1384/10/20,100,3.64099E+14,3.64099E+14,1390/06/06,1384/10/27
3.64099E+14,256,,1384/11/05,100,3.64099E+14,3.64099E+14,1393/11/27,1384/11/12
3.64099E+14,257,,1384/11/19,100,8.4E+14,3.64099E+14,1395/12/16,1384/11/26
3.64099E+14,258,,1384/11/22,100,8.4E+14,3.64099E+14,1390/07/25,1384/11/29
3.64099E+14,0,,1384/11/30,100,8.4E+14,3.64099E+14,1384/12/25,1384/12/07
3.64099E+14,259,,1384/12/09,100,8.4E+14,3.64099E+14,1390/09/01,1384/12/16
3.64099E+14,260,,1384/12/19,100,3.64099E+14,3.64099E+14,1391/08/01,1384/12/26
3.64099E+14,261,,1384/12/29,100,8.4E+14,3.64099E+14,1391/01/03,1385/01/07
3.64099E+14,262,,1385/01/15,87.5,3.64099E+14,3.64099E+14,1388/02/10,1385/01/22
3.64099E+14,263,,1385/01/22,75,3.64099E+14,3.64099E+14,1390/12/01,1385/01/29
3.64099E+14,264,,1385/02/04,75,3.64099E+14,3.64099E+14,1390/02/01,1385/02/11
3.64099E+14,265,,1385/02/11,100,1.24E+14,3.64099E+14,1393/04/14,1385/02/18
3.64099E+14,266,,1385/02/22,100,3.64099E+14,3.64099E+14,1386/06/01,1385/02/29
3.64099E+14,267,,1385/02/28,100,3.64099E+14,3.64099E+14,1391/08/20,1385/03/04
3.64099E+14,268,,1385/03/02,87.5,8.4E+14,3.64099E+14,1391/08/20,1385/03/09
3.64099E+14,269,,1385/03/21,100,3.64099E+14,3.64099E+14,1392/07/10,1385/03/28
3.64099E+14,270,,1385/03/22,87.5,3.64099E+14,3.64099E+14,1392/06/24,1385/03/29
3.64099E+14,271,,1385/04/08,100,3.64099E+14,3.64099E+14,1388/12/01,1385/04/15
3.64099E+14,272,,1385/04/09,100,3.64099E+14,3.64099E+14,1390/07/25,1385/04/16
3.64099E+14,273,,1385/04/13,100,8.4E+14,3.64099E+14,1388/06/30,1385/04/20
3.64099E+14,274,,1385/04/16,100,3.64099E+14,3.64099E+14,1389/03/11,1385/04/23
3.64099E+14,0,,1385/04/21,91.40625,8.4E+14,3.64099E+14,1385/05/20,1385/04/28
3.64099E+14,0,,1385/05/04,100,8.4E+14,3.64099E+14,1385/05/20,1385/05/11
3.64099E+14,275,,1385/05/06,100,3.64099E+14,3.64099E+14,1389/03/11,1385/05/13
3.64099E+14,276,,1385/05/11,100,8.4E+14,3.64099E+14,1392/03/22,1385/05/18
3.64099E+14,277,,1385/06/01,100,3.64099E+14,3.64099E+14,1390/02/01,1385/06/08
3.64099E+14,278,,1385/06/16,75,3.64099E+14,3.64099E+14,1388/05/10,1385/06/23
3.64099E+14,279,,1385/07/05,75,3.64099E+14,3.64099E+14,1391/02/25,1385/07/12
3.64099E+14,280,,1385/08/08,90.625,3.64099E+14,3.64099E+14,1392/07/22,1385/08/15
3.64099E+14,281,,1385/08/22,100,3.64099E+14,3.64099E+14,1391/08/20,1385/08/29
3.64099E+14,282,,1385/08/28,100,3.64099E+14,3.64099E+14,1395/08/29,1385/09/05
3.64099E+14,283,,1385/08/30,100,3.64099E+14,3.64099E+14,1390/10/25,1385/09/07
3.64099E+14,284,,1385/09/08,100,3.64099E+14,3.64099E+14,1390/09/01,1385/09/15
3.64099E+14,285,,1385/09/12,100,3.64099E+14,3.64099E+14,1388/02/10,1385/09/19
3.64099E+14,286,,1385/09/16,100,3.64099E+14,3.64099E+14,1390/02/20,1385/09/23
3.64099E+14,287,,1385/09/20,100,3.64099E+14,3.64099E+14,1390/07/25,1385/09/27
3.64099E+14,288,,1385/09/20,100,3.64099E+14,3.64099E+14,1392/04/22,1385/09/27
3.64099E+14,289,,1385/11/01,87.5,3.64099E+14,3.64099E+14,1390/09/01,1385/11/08
3.64099E+14,290,,1385/11/01,100,3.64099E+14,3.64099E+14,1394/08/10,1385/11/08
3.64099E+14,291,,1385/11/04,100,3.64099E+14,3.64099E+14,1389/01/03,1385/11/11
3.64099E+14,292,,1385/11/11,100,3.64099E+14,3.64099E+14,1389/08/25,1385/11/18
3.64099E+14,293,,1385/11/13,100,3.64099E+14,3.64099E+14,1388/08/15,1385/11/20
3.64099E+14,294,,1385/11/19,100,3.64099E+14,3.64099E+14,1393/02/02,1385/11/26
3.64099E+14,295,,1385/12/06,87.5,3.64099E+14,3.64099E+14,1396/03/02,1385/12/13
3.64099E+14,296,,1385/12/09,100,3.64099E+14,3.64099E+14,1390/02/01,1385/12/16
3.64099E+14,297,,1385/12/14,87.5,3.64099E+14,3.64099E+14,1393/08/19,1385/12/21
3.64099E+14,298,,1385/12/19,100,3.64099E+14,3.64099E+14,1389/08/01,1385/12/26
3.64099E+14,299,,1386/01/11,100,3.64099E+14,3.64099E+14,1390/12/01,1386/01/18
3.64099E+14,300,,1386/01/28,100,3.64099E+14,3.64099E+14,1394/08/27,1386/02/04
3.64099E+14,301,,1386/02/03,100,3.64099E+14,3.64099E+14,1391/04/31,1386/02/10
3.64099E+14,302,,1386/02/23,100,3.64099E+14,3.64099E+14,1390/09/19,1386/02/30
3.64099E+14,303,,1386/02/31,100,3.64099E+14,3.64099E+14,1395/08/30,1386/03/07
3.64099E+14,304,,1386/03/06,87.5,3.64099E+14,3.64099E+14,1395/01/05,1386/03/13
3.64099E+14,305,,1386/03/09,92.1875,3.64099E+14,3.64099E+14,1393/08/28,1386/03/16
3.64099E+14,306,,1386/04/08,100,3.64099E+14,3.64099E+14,1391/10/01,1386/04/15
3.64099E+14,307,,1386/04/23,100,3.64099E+14,3.64099E+14,1393/06/24,1386/04/30
3.64099E+14,308,,1386/04/30,100,3.64099E+14,3.64099E+14,1393/11/27,1386/05/06
3.64099E+14,0,,1386/06/08,81.25,3.64099E+14,3.64099E+14,1386/07/03,1386/06/15
3.64099E+14,309,,1386/06/27,81.25,3.64099E+14,3.64099E+14,1389/08/25,1386/07/03
3.64099E+14,310,,1386/10/21,100,3.64099E+14,3.64099E+14,1393/05/01,1386/10/28
3.64099E+14,311,,1386/10/27,100,3.64099E+14,3.64099E+14,1393/05/01,1386/11/04
3.64099E+14,312,,1387/02/21,87.5,8.4E+14,3.64099E+14,1392/07/22,1387/02/28
3.64099E+14,313,,1387/03/14,100,8.4E+14,3.64099E+14,1391/04/31,1387/03/21
3.64099E+14,314,,1387/03/14,100,8.4E+14,3.64099E+14,1391/02/25,1387/03/21
3.64099E+14,315,,1387/03/22,100,3.64099E+14,3.64099E+14,1397/10/08,1387/03/29
3.64099E+14,316,,1387/03/22,100,8.4E+14,3.64099E+14,1391/02/25,1387/03/29
3.64099E+14,317,,1387/03/22,100,8.4E+14,3.64099E+14,1391/07/01,1387/03/29
3.64099E+14,318,,1387/03/24,100,8.4E+14,3.64099E+14,1390/02/01,1387/03/31
3.64099E+14,319,,1387/03/24,100,8.4E+14,3.64099E+14,1391/11/28,1387/03/31
3.64099E+14,320,,1387/03/24,100,8.4E+14,3.64099E+14,1397/10/08,1387/03/31
3.64099E+14,321,,1387/04/05,92.1875,3.64099E+14,3.64099E+14,1399/12/10,1387/04/12
3.64099E+14,322,,1387/04/24,87.5,3.64099E+14,3.64099E+14,1393/08/28,1387/04/31
3.64099E+14,323,,1387/04/25,100,1.24E+14,3.64099E+14,1392/04/22,1387/05/01
3.64099E+14,324,,1387/05/06,100,3.64099E+14,3.64099E+14,1390/08/17,1387/05/13
3.64099E+14,325,,1387/05/12,100,8.4E+14,3.64099E+14,1393/08/28,1387/05/19
3.64099E+14,326,,1387/08/20,100,8.4E+14,3.64099E+14,1396/11/01,1387/08/27
3.64099E+14,327,,1387/08/28,100,8.4E+14,3.64099E+14,1390/05/01,1387/09/05
3.64099E+14,328,,1387/09/10,100,3.64099E+14,3.64099E+14,1391/10/01,1387/09/17
3.64099E+14,329,,1387/09/28,100,8.4E+14,3.64099E+14,1394/07/17,1387/10/05
3.64099E+14,330,,1387/12/01,100,3.64099E+14,3.64099E+14,1391/02/25,1387/12/08
3.64099E+14,331,,1387/12/08,100,3.64099E+14,3.64099E+14,1391/02/25,1387/12/15
3.64099E+14,332,,1387/12/13,100,8.4E+14,3.64099E+14,1397/06/01,1387/12/20
3.64099E+14,333,,1387/12/24,100,3.64099E+14,3.64099E+14,1390/05/25,1388/01/01
3.64099E+14,334,,1388/01/04,100,8.4E+14,3.64099E+14,1391/10/16,1388/01/11
3.64099E+14,335,,1388/01/06,100,3.64099E+14,3.64099E+14,1391/10/01,1388/01/13
3.64099E+14,336,,1388/01/27,100,1.24E+14,3.64099E+14,1391/02/25,1388/02/03
3.64099E+14,337,,1388/02/02,100,3.64099E+14,3.64099E+14,1394/04/03,1388/02/09
3.64099E+14,338,,1388/02/09,100,3.64099E+14,3.64099E+14,1391/04/31,1388/02/16
3.64099E+14,339,,1388/02/10,100,1.24E+14,3.64099E+14,1390/12/01,1388/02/17
3.64099E+14,340,,1388/02/22,100,3.64099E+14,3.64099E+14,1394/07/05,1388/02/29
3.64099E+14,341,,1388/02/25,100,3.64099E+14,3.64099E+14,1390/12/01,1388/03/01
3.64099E+14,342,,1388/02/27,100,1.24E+14,3.64099E+14,1391/04/31,1388/03/03
3.64099E+14,343,,1388/03/02,100,3.64099E+14,3.64099E+14,1391/02/25,1388/03/09
3.64099E+14,0,,1388/03/17,100,3.64099E+14,3.64099E+14,1390/05/01,1388/03/24
3.64099E+14,0,,1388/03/18,100,3.64099E+14,3.64099E+14,1391/02/25,1388/03/25
3.64099E+14,0,,1388/04/07,87.5,3.64099E+14,3.64099E+14,1391/02/25,1388/04/14
3.64099E+14,0,,1388/04/07,50,0,3.64099E+14,1391/02/25,1388/04/14
3.64099E+14,348,,1388/05/22,100,3.64099E+14,3.64099E+14,1394/03/01,1388/05/29
3.64099E+14,349,,1388/05/25,100,3.64099E+14,3.64099E+14,1395/01/16,1388/06/01
3.64099E+14,350,,1388/06/01,87.5,3.64099E+14,3.64099E+14,1392/12/28,1388/06/08
3.64099E+14,351,,1388/06/19,100,8.4E+14,3.64099E+14,1392/01/05,1388/06/26
3.64099E+14,352,,1388/06/26,100,3.64099E+14,3.64099E+14,1396/07/01,1388/07/02
3.64099E+14,353,,1388/07/10,100,3.64099E+14,3.64099E+14,1393/02/02,1388/07/17
3.64099E+14,354,,1388/08/06,100,3.64099E+14,3.64099E+14,1391/10/16,1388/08/13
3.64099E+14,355,,1388/09/12,100,8.4E+14,3.64099E+14,1392/07/10,1388/09/19
3.64099E+14,356,,1388/09/25,100,8.4E+14,3.64099E+14,1394/03/04,1388/10/02
3.64099E+14,357,,1388/10/01,100,3.64099E+14,3.64099E+14,1391/12/12,1388/10/08
3.64099E+14,358,,1388/10/03,100,3.64099E+14,3.64099E+14,1393/08/28,1388/10/10
3.64099E+14,359,,1388/10/14,100,3.64099E+14,3.64099E+14,1396/07/01,1388/10/21
3.64099E+14,361,,1388/10/27,100,3.64099E+14,3.64099E+14,1391/01/15,1388/11/04
3.64099E+14,362,,1388/11/17,87.5,3.64099E+14,3.64099E+14,1393/11/27,1388/11/24
3.64099E+14,363,,1388/12/03,100,3.64099E+14,3.64099E+14,1395/01/05,1388/12/10
3.64099E+14,364,,1389/01/26,100,3.64099E+14,3.64099E+14,1391/02/25,1389/02/02
3.64099E+14,365,,1389/01/30,100,3.64099E+14,3.64099E+14,1391/02/25,1389/02/06
3.64099E+14,366,,1389/02/31,100,3.64099E+14,3.64099E+14,1395/02/22,1389/03/07
3.64099E+14,367,,1389/02/31,100,8.4E+14,3.64099E+14,1391/02/25,1389/03/07
3.64099E+14,368,,1389/03/09,100,3.64099E+14,3.64099E+14,1395/01/05,1389/03/16
3.64099E+14,369,,1389/03/09,100,3.64099E+14,3.64099E+14,1396/11/01,1389/03/16
3.64099E+14,370,,1389/03/11,100,8.4E+14,3.64099E+14,1397/08/20,1389/03/18
3.64099E+14,371,,1389/03/16,100,3.64099E+14,3.64099E+14,1391/02/25,1389/03/23
3.64099E+14,372,,1389/03/17,100,8.4E+14,3.64099E+14,1394/07/05,1389/03/24
3.64099E+14,373,,1389/03/24,100,8.4E+14,3.64099E+14,1394/07/05,1389/03/31
3.64099E+14,374,,1389/03/31,100,8.4E+14,3.64099E+14,1391/02/25,1389/04/07
3.64099E+14,375,,1389/04/01,87.5,3.64099E+14,3.64099E+14,1391/01/15,1389/04/08
3.64099E+14,376,,1389/04/01,100,3.64099E+14,3.64099E+14,1393/05/01,1389/04/08
3.64099E+14,377,,1389/04/02,100,8.4E+14,3.64099E+14,1394/11/27,1389/04/09
3.64099E+14,378,,1389/04/13,100,8.4E+14,3.64099E+14,1395/01/05,1389/04/20
3.64099E+14,379,,1389/04/17,100,8.4E+14,3.64099E+14,1394/07/05,1389/04/24
3.64099E+14,380,,1389/04/17,100,8.4E+14,3.64099E+14,1391/08/20,1389/04/24
3.64099E+14,382,,1389/05/04,100,8.4E+14,3.64099E+14,1395/01/05,1389/05/11
3.64099E+14,384,,1389/05/17,100,8.4E+14,3.64099E+14,1394/03/01,1389/05/24
3.64099E+14,386,,1389/05/27,100,8.4E+14,3.64099E+14,1393/02/01,1389/06/03
3.64099E+14,360,,1388/10/27,100,3.64099E+14,3.64099E+14,1397/06/01,1388/11/04
3.64099E+14,390,,1389/08/02,100,3.64099E+14,3.64099E+14,1393/08/19,1389/08/09
3.64099E+14,392,,1389/08/26,100,8.4E+14,3.64099E+14,1393/05/01,1389/09/03
3.64099E+14,393,,1389/09/02,100,8.4E+14,3.64099E+14,1392/04/16,1389/09/09
3.64099E+14,394,,1389/09/05,100,8.4E+14,3.64099E+14,1390/05/01,1389/09/12
3.64099E+14,395,,1389/09/11,100,8.4E+14,3.64099E+14,1395/01/05,1389/09/18
3.64099E+14,396,,1389/09/17,100,8.4E+14,3.64099E+14,1391/11/28,1389/09/24
3.64099E+14,398,,1389/10/13,100,8.4E+14,3.64099E+14,1393/11/27,1389/10/20
3.64099E+14,399,,1389/11/06,100,8.4E+14,3.64099E+14,1392/04/16,1389/11/13
3.64099E+14,401,,1389/11/10,100,8.4E+14,3.64099E+14,1391/01/15,1389/11/17
3.64099E+14,483,,1391/10/21,100,3.64099E+14,3.64099E+14,1399/12/10,1392/01/10
3.64099E+14,404,,1389/11/29,100,8.4E+14,3.64099E+14,1391/01/15,1389/12/06
3.64099E+14,405,,1389/12/02,100,8.4E+14,3.64099E+14,1393/08/28,1389/12/09
3.64099E+14,409,,1390/01/09,100,8.4E+14,3.64099E+14,1393/05/01,1390/01/16
3.64099E+14,414,,1390/02/19,100,8.4E+14,3.64099E+14,1392/06/24,1390/02/26
3.64099E+14,415,,1390/02/24,100,8.4E+14,3.64099E+14,1392/03/22,1390/02/31
3.64099E+14,416,,1390/02/27,100,8.4E+14,3.64099E+14,1392/04/16,1390/09/01
3.64099E+14,417,,1390/03/18,100,8.4E+14,3.64099E+14,1394/06/22,1390/03/25
3.64099E+14,419,,1390/03/31,100,8.4E+14,3.64099E+14,1392/04/16,1390/04/07
3.64099E+14,420,,1390/04/14,100,8.4E+14,3.64099E+14,1392/05/20,1390/09/01
3.64099E+14,422,,1390/05/06,100,8.4E+14,3.64099E+14,1392/05/20,1390/05/13
3.64099E+14,423,,1390/05/09,100,8.4E+14,3.64099E+14,1392/04/16,1390/05/16
3.64099E+14,424,,1390/05/13,100,8.4E+14,3.64099E+14,1392/06/24,1390/05/20
3.64099E+14,425,,1390/05/23,100,8.4E+14,3.64099E+14,1393/02/02,1390/05/30
3.64099E+14,426,,1390/05/26,100,8.4E+14,3.64099E+14,1392/06/24,1390/06/02
3.64099E+14,427,,1390/05/31,100,8.4E+14,3.64099E+14,1392/05/20,1390/06/07
3.64099E+14,428,,1390/06/01,100,8.4E+14,3.64099E+14,1392/06/24,1390/11/01
3.64099E+14,429,,1390/06/09,87.5,8.4E+14,3.64099E+14,1392/06/24,1390/11/01
3.64099E+14,430,,1390/06/10,100,3.64099E+14,3.64099E+14,1394/05/01,1390/11/01
3.64099E+14,432,,1390/06/28,100,8.4E+14,3.64099E+14,1392/06/24,1390/11/01
3.64099E+14,433,,1390/07/01,100,8.4E+14,3.64099E+14,1392/06/24,1390/11/01
3.64099E+14,434,,1390/07/16,100,8.4E+14,3.64099E+14,1392/06/24,1390/11/01
3.64099E+14,435,,1390/07/17,100,8.4E+14,3.64099E+14,1392/06/24,1390/11/01
3.64099E+14,438,,1390/08/14,100,8.4E+14,3.64099E+14,1392/06/24,1390/11/01
3.64099E+14,445,,1390/11/14,100,2.50004E+14,3.64099E+14,1394/07/05,1391/02/31
3.64099E+14,446,,1390/11/16,100,8.4E+14,3.64099E+14,1395/06/22,1391/02/31
3.64099E+14,448,,1390/12/07,100,8.4E+14,3.64099E+14,1395/03/18,1391/02/31
3.64099E+14,449,,1390/12/13,100,8.4E+14,3.64099E+14,1393/11/01,1391/02/31
3.64099E+14,450,,1390/12/19,100,8.4E+14,3.64099E+14,1393/02/02,1391/02/31
3.64099E+14,452,,1390/12/23,100,8.4E+14,3.64099E+14,1393/02/01,1391/02/31
3.64099E+14,453,,1390/12/29,100,2.50004E+14,3.64099E+14,1395/01/16,1391/02/31
3.64099E+14,454,,1391/01/15,100,3.64099E+14,3.64099E+14,1394/07/05,1391/02/31
3.64099E+14,455,,1391/02/25,100,8.4E+14,3.64099E+14,1397/09/24,1391/06/10
3.64099E+14,457,,1391/03/13,100,3.64099E+14,3.64099E+14,1397/09/24,1391/06/10
3.64099E+14,464,,1391/05/17,100,8.4E+14,3.64099E+14,1395/01/16,1391/06/10
3.64099E+14,465,,1391/05/22,100,8.4E+14,3.64099E+14,1396/07/01,1391/06/10
3.64099E+14,466,,1391/05/27,100,3.64099E+14,3.64099E+14,1397/09/24,1391/06/10
3.64099E+14,467,,1391/06/21,100,3.64099E+14,3.64099E+14,1395/02/28,1391/10/05
3.64099E+14,468,,1391/06/27,100,8.4E+14,3.64009E+14,1394/07/17,1391/10/05
3.64099E+14,469,,1391/06/31,100,8.4E+14,3.64009E+14,1397/09/24,1391/10/05
3.64099E+14,470,,1391/07/07,100,8.4E+14,3.64099E+14,1393/05/01,1391/10/05
3.64099E+14,471,,1391/07/25,100,3.64099E+14,3.64099E+14,1395/06/22,1391/10/05
3.64099E+14,472,,1391/07/25,100,3.64099E+14,3.64099E+14,1397/10/08,1391/10/05
3.64099E+14,473,,1391/08/07,100,8.4E+14,3.64099E+14,1397/04/02,1391/10/05
3.64099E+14,474,,1391/08/09,100,8.4E+14,3.64009E+14,1396/02/24,1391/10/05
3.64099E+14,479,,1391/09/17,100,8.4E+14,3.64099E+14,1397/07/01,1391/10/05
3.64099E+14,480,,1391/10/09,100,2.50002E+14,3.64099E+14,1396/12/27,1391/12/04
3.64099E+14,481,,1391/10/10,100,2.50002E+14,3.64099E+14,1395/01/05,1392/01/10
3.64099E+14,482,,1391/10/10,100,2.50002E+14,3.64099E+14,1395/01/16,1392/01/10
3.64099E+14,484,,1391/11/02,100,3.64099E+14,3.64009E+14,1397/10/08,1392/01/10
3.64099E+14,487,,1391/11/12,100,3.64099E+14,3.64099E+14,1395/08/29,1392/01/10
3.64099E+14,489,,1391/11/23,100,8.40003E+14,3.64009E+14,1396/07/01,1392/01/10
3.64099E+14,491,,1391/12/03,100,8.40003E+14,3.64009E+14,1397/10/08,1392/06/10
3.64099E+14,492,,1391/12/13,100,1.24E+14,3.64099E+14,1396/02/05,1392/06/10
3.64099E+14,494,,1391/12/17,100,1.24E+14,3.64009E+14,1395/01/16,1392/06/10
3.64099E+14,495,,1391/12/25,100,3.64099E+14,3.64099E+14,1397/09/24,1392/06/10
3.64099E+14,496,,1392/01/15,100,3.64099E+14,3.64099E+14,1395/01/05,1392/06/10
3.64099E+14,498,,1392/02/15,100,1.24E+14,3.64099E+14,1397/06/01,1392/06/10
3.64099E+14,499,,1392/03/16,100,8.4E+14,3.64099E+14,1397/10/11,1392/06/10
3.64099E+14,500,,1392/03/19,100,8.4E+14,3.64099E+14,1395/02/28,1392/06/10
3.64099E+14,501,,1392/04/09,100,8.4E+14,3.64009E+14,1396/02/05,1392/06/10
3.64099E+14,502,,1392/04/27,100,8.4E+14,3.64099E+14,1397/09/24,1392/06/10
3.64099E+14,503,,1392/05/22,100,3.64099E+14,3.64099E+14,1395/08/01,1393/05/01
3.64099E+14,505,,1392/06/14,100,8.4E+14,3.64099E+14,1394/10/01,1393/05/01
3.64099E+14,506,,1392/06/15,100,8.4E+14,3.64009E+14,1394/11/03,1393/05/01
3.64099E+14,507,,1392/06/16,100,3.64099E+14,3.64099E+14,1396/02/02,1393/05/01
3.64099E+14,508,,1392/07/26,100,3.64099E+14,3.64099E+14,1396/12/01,1393/05/01
3.64099E+14,509,,1392/08/25,100,3.64099E+14,3.64009E+14,1397/09/24,1393/05/01
3.64099E+14,510,,1392/08/28,100,3.80016E+14,3.64099E+14,1395/03/24,1393/05/01
3.64099E+14,511,,1392/09/08,100,3.64099E+14,3.64099E+14,1397/09/24,1393/05/01
3.64099E+14,512,,1392/09/25,100,3.64099E+14,3.64099E+14,1397/09/24,1393/05/01
3.64099E+14,514,,1392/10/25,100,3.64099E+14,3.64099E+14,1396/02/05,1393/05/01
3.64099E+14,515,,1392/11/04,100,8.4E+14,3.64009E+14,1396/02/05,1393/05/01
3.64099E+14,517,,1392/11/08,100,8.4E+14,3.64009E+14,1396/02/05,1393/07/30
3.64099E+14,518,,1392/11/09,100,8.4E+14,3.64099E+14,1395/03/24,1393/01/01
3.64099E+14,519,,1392/11/11,100,8.4E+14,3.64099E+14,1396/12/01,1393/07/30
3.64099E+14,520,,1392/11/18,100,8.4E+14,3.64099E+14,1396/11/01,1393/07/30
3.64099E+14,521,,1392/11/27,100,8.4E+14,3.64009E+14,1396/02/05,1393/07/30
3.64099E+14,522,,1392/12/02,100,3.64099E+14,3.64009E+14,1397/01/01,1393/07/30
3.64099E+14,523,,1392/12/08,100,3.64099E+14,3.64009E+14,1396/02/05,1393/07/30
3.64099E+14,524,,1392/12/26,100,3.64099E+14,3.64099E+14,1396/02/02,1393/07/30
3.64099E+14,525,,1392/12/19,100,8.4E+14,3.64009E+14,1396/07/01,1393/07/30
3.64099E+14,526,,1392/12/25,100,3.64099E+14,3.64099E+14,1396/05/05,1393/07/30
3.64099E+14,527,,1393/01/08,100,3.80016E+14,3.64099E+14,1395/01/29,1393/07/30
3.64099E+14,530,,1393/02/18,100,3.64099E+14,3.64099E+14,1397/09/24,1393/07/30
3.64099E+14,531,,1393/03/03,100,3.64099E+14,3.64099E+14,1395/07/01,1393/07/30
3.64099E+14,532,,1393/03/08,100,8.4E+14,3.64009E+14,1396/02/02,1393/07/30
3.64099E+14,533,,1393/03/16,100,3.64099E+14,3.64099E+14,1396/11/01,1393/07/30
3.64099E+14,535,,1393/04/08,100,3.64099E+14,3.64009E+14,1397/06/01,1393/07/30
3.64099E+14,536,,1393/04/25,100,8.4E+14,3.64009E+14,1396/02/02,1393/07/30
3.64099E+14,537,,1393/04/30,100,3.64099E+14,3.64099E+14,1396/05/05,1393/07/30
3.64099E+14,539,,1393/06/06,100,3.64099E+14,3.64009E+14,1397/07/07,1393/07/30
3.64099E+14,540,,1393/06/28,100,3.64099E+14,3.64009E+14,1396/05/05,1393/07/30
3.64099E+14,544,,1393/07/26,100,3.64099E+14,3.64099E+14,1394/05/19,1394/02/02
3.64099E+14,542,,1393/07/07,100,3.64099E+14,3.64099E+14,1397/09/24,1394/02/02
3.64099E+14,545,,1393/08/02,100,3.64099E+14,3.64099E+14,1396/05/05,1394/02/02
3.64099E+14,546,,1393/08/03,100,3.64099E+14,3.64009E+14,1396/12/01,1394/02/02
3.64099E+14,548,,1393/08/14,100,8.4E+14,3.64099E+14,1397/07/01,1394/02/02
3.64099E+14,549,,1393/08/23,100,8.4E+14,3.64099E+14,1395/10/26,1394/02/02
3.64099E+14,553,,1393/09/07,100,3.64099E+14,3.64099E+14,1397/09/24,1394/02/14
3.64099E+14,554,,1393/09/20,100,3.64099E+14,3.64099E+14,1394/02/30,1394/02/14
3.64099E+14,555,,1393/09/24,100,3.64099E+14,3.64009E+14,1396/02/02,1394/02/14
3.64099E+14,557,,1393/10/15,100,8.4E+14,3.64099E+14,1396/05/05,1394/02/14
3.64099E+14,559,,1393/10/19,100,8.4E+14,3.64099E+14,1397/09/24,1394/02/14
3.64099E+14,560,,1393/11/11,100,8.4E+14,3.64009E+14,1397/09/24,1394/02/14
3.64099E+14,562,,1393/11/16,100,8.4E+14,3.64009E+14,1397/09/24,1394/02/14
3.64099E+14,565,,1393/12/17,100,8.4E+14,3.64099E+14,1396/05/05,1394/02/07
3.64099E+14,566,,1393/12/12,100,8.4E+14,3.64099E+14,1394/02/30,1394/02/07
3.64099E+14,567,,1393/12/20,100,8.4E+14,3.64099E+14,1397/10/08,1394/02/07
3.64099E+14,568,,1393/12/23,100,3.64099E+14,3.64099E+14,1397/09/24,1394/02/07
3.64099E+14,569,,1393/12/28,100,8.4E+14,3.64099E+14,1396/05/05,1394/02/07
3.64099E+14,570,,1393/12/28,100,8.4E+14,3.64009E+14,1396/02/02,1394/02/07
3.64099E+14,571,,1392/10/07,100,3.64099E+14,3.64099E+14,1396/05/05,1394/02/07
3.64099E+14,572,,1394/01/12,100,3.64099E+14,3.64099E+14,1397/09/24,1394/02/07
3.64099E+14,574,,1394/01/18,100,8.4E+14,3.64099E+14,1397/07/01,1394/02/07
3.64099E+14,576,,1394/02/14,100,8.4E+14,3.64009E+14,1397/10/08,1394/06/01
3.64099E+14,578,,1394/02/26,100,8.4E+14,3.64099E+14,1396/05/05,1394/06/01
3.64099E+14,579,,1394/03/02,100,8.4E+14,3.64009E+14,1396/05/05,1394/06/01
3.64099E+14,581,,1394/03/20,100,3.64099E+14,3.64009E+14,1396/05/05,1394/06/01
3.64099E+14,582,,1394/03/30,100,3.64099E+14,3.64099E+14,1397/07/02,1394/06/01
3.64099E+14,583,,1394/04/30,100,3.64099E+14,3.64099E+14,1397/09/24,1394/06/04
3.64099E+14,584,,1394/05/04,100,3.64099E+14,3.64099E+14,1396/12/01,1394/06/04
3.64099E+14,585,,1394/05/23,100,3.64099E+14,3.64009E+14,1397/09/24,1394/06/04
3.64099E+14,586,,1394/06/10,100,8.4E+14,3.64009E+14,1396/11/01,1394/12/01
3.64099E+14,589,,1394/07/24,100,3.64099E+14,3.64009E+14,1397/09/24,1394/12/01
3.64099E+14,591,,1394/08/06,100,3.64099E+14,3.64099E+14,1397/10/08,1394/12/01
3.64099E+14,592,,1394/08/07,100,3.64099E+14,3.64009E+14,1397/09/24,1394/12/01
3.64099E+14,595,,1394/09/01,100,8.40003E+14,3.64009E+14,1397/09/24,1394/12/01
3.64099E+14,598,,1394/09/21,100,8.4E+14,3.64099E+14,1397/10/08,1394/12/01
3.64099E+14,601,,1394/10/12,100,8.4E+14,3.64099E+14,1397/10/08,1394/12/01
3.64099E+14,604,,1394/10/17,100,8.40003E+14,3.64099E+14,1397/09/24,1394/12/01
3.64099E+14,605,,1394/10/18,100,8.40003E+14,3.64009E+14,1397/10/08,1394/12/01
3.64099E+14,607,,1394/10/27,100,3.64099E+14,3.64099E+14,1396/12/01,1394/12/01
3.64099E+14,608,,1394/11/15,100,8.4E+14,3.64099E+14,1397/04/02,1394/12/01
3.64099E+14,609,,1394/11/20,100,8.4E+14,3.64009E+14,1397/09/24,1394/12/01
3.64099E+14,612,,1394/11/26,100,8.4E+14,3.64099E+14,1397/09/24,1394/12/01
3.64099E+14,618,,1394/12/25,100,8.4E+14,3.64099E+14,1397/09/24,1395/04/01
3.64099E+14,619,,1394/12/25,100,8.4E+14,3.64099E+14,1397/10/08,1395/04/01
3.64099E+14,620,,1394/12/26,100,8.4E+14,3.64009E+14,1398/02/01,1395/04/01
3.64099E+14,621,,1395/01/02,100,8.4E+14,3.64099E+14,1397/07/07,1395/04/01
3.64099E+14,623,,1395/01/14,100,3.64099E+14,3.64009E+14,1398/02/01,1395/04/07
3.64099E+14,626,,1395/02/18,100,3.64099E+14,3.64009E+14,1397/09/24,1395/04/06
3.64099E+14,627,,1395/02/20,100,3.64099E+14,3.64099E+14,1397/09/24,1395/04/06
3.64099E+14,629,,1395/03/29,100,8.4E+14,3.64099E+14,1399/06/01,1395/04/06
3.64099E+14,630,,1395/04/02,100,8.4E+14,3.64099E+14,1402/02/20,1395/04/06
3.64099E+14,631,,1395/04/04,100,8.4E+14,3.64009E+14,1397/09/24,1395/08/09
3.64099E+14,633,,1395/05/17,100,8.40003E+14,3.64099E+14,1397/08/20,1395/08/09
3.64099E+14,635,,1395/07/03,100,3.64099E+14,3.64009E+14,1398/01/03,1395/08/09
3.64099E+14,636,,1395/07/03,100,3.64099E+14,3.64099E+14,1403/04/20,1395/08/09
3.64099E+14,637,,1395/07/05,100,3.64099E+14,3.64099E+14,1397/09/24,1395/08/09
3.64099E+14,638,,1395/07/10,100,3.64099E+14,3.64099E+14,1397/08/20,1395/08/09
3.64099E+14,639,,1395/08/04,100,3.64099E+14,3.64099E+14,1397/09/24,1396/04/04
3.64099E+14,640,,1395/08/14,100,3.64099E+14,3.64099E+14,1397/11/06,1396/04/04
3.64099E+14,641,,1395/08/17,100,3.64099E+14,3.64099E+14,1399/07/09,1396/04/04
3.64099E+14,642,,1395/08/28,100,8.4E+14,3.64099E+14,1401/04/10,1396/04/04
3.64099E+14,643,,1395/09/02,100,8.4E+14,3.64099E+14,1398/03/04,1396/04/04
3.64099E+14,644,,1395/09/08,100,3.64099E+14,3.64099E+14,1399/06/01,1396/04/04
3.64099E+14,646,,1395/09/23,100,3.64099E+14,3.64099E+14,1401/02/10,1396/04/04
3.64099E+14,647,,1395/09/23,100,3.64099E+14,3.64099E+14,1397/09/24,1396/04/04
3.64099E+14,648,,1395/10/19,100,8.4E+14,3.64099E+14,1402/06/05,1396/04/04
3.64099E+14,649,,1395/10/20,100,8.4E+14,3.64099E+14,1401/02/10,1396/04/04
3.64099E+14,650,,1395/10/22,100,8.4E+14,3.64009E+14,1397/03/19,1396/04/04
3.64099E+14,651,,1395/11/02,100,3.64099E+14,3.64099E+14,1403/08/17,1396/04/04
3.64099E+14,652,,1395/11/07,100,3.64099E+14,3.64099E+14,1399/07/06,1396/04/04
3.64099E+14,653,,1395/11/12,100,3.64099E+14,3.64099E+14,0,1396/04/04
3.64099E+14,654,,1395/11/12,100,8.4E+14,3.64099E+14,1399/10/19,1396/04/04
3.64099E+14,655,,1395/11/27,100,8.40003E+14,3.64099E+14,0,1396/04/04
3.64099E+14,656,,1395/11/28,100,8.40003E+14,3.64099E+14,1402/03/12,1396/04/04
3.64099E+14,657,,1395/11/29,100,8.40003E+14,3.64099E+14,1402/03/24,1396/04/04
3.64099E+14,658,,1395/12/07,100,8.40003E+14,3.64099E+14,1401/02/10,1396/04/04
3.64099E+14,659,,1395/12/08,100,8.40003E+14,3.64099E+14,1403/03/15,1396/04/04
3.64099E+14,660,,1395/12/17,100,8.40003E+14,3.64099E+14,1402/11/28,1396/04/04
3.64099E+14,661,,1395/12/20,100,8.40003E+14,3.64099E+14,1402/06/05,1396/04/04
3.64099E+14,662,,1395/12/20,100,8.40003E+14,3.64099E+14,1398/02/01,1396/04/04
3.64099E+14,663,,1395/12/26,100,8.40003E+14,3.64099E+14,0,1396/04/04
3.64099E+14,665,,1396/01/10,100,8.40003E+14,3.64099E+14,1400/11/05,1396/04/04
3.64099E+14,666,,1396/01/24,100,8.40003E+14,3.64099E+14,1403/04/13,1396/04/04
3.64099E+14,667,,1396/02/03,100,3.64099E+14,3.64009E+14,1403/07/17,1396/04/04
3.64099E+14,668,,1396/02/08,100,3.64099E+14,3.64099E+14,0,1396/04/04
3.64099E+14,669,,1396/02/13,100,3.64099E+14,3.64099E+14,1401/02/10,1396/06/05
3.64099E+14,670,,1396/02/15,100,8.40003E+14,3.64099E+14,1398/03/01,1396/06/05
3.64099E+14,671,,1396/02/20,100,3.64099E+14,3.64099E+14,0,1396/06/05
3.64099E+14,672,,1396/02/25,100,3.64099E+14,3.64099E+14,0,1396/06/05
3.64099E+14,50,,1374/01/15,50,0,0,1382/01/01,1374/01/22
3.64099E+14,64,,1375/03/01,50,0,0,1382/01/01,1375/03/08
